{
  "criteria": {
    "acacia": {
      "trigger": "minecraft:enter_block",
      "conditions": {
        "block": "minecraft:acacia_button",
        "state": {
          "powered": "true"
        }
      }
    },
    "birch": {
      "trigger": "minecraft:enter_block",
      "conditions": {
        "block": "minecraft:birch_button",
        "state": {
          "powered": "true"
        }
      }
    },
    "crimson": {
      "trigger": "minecraft:enter_block",
      "conditions": {
        "block": "minecraft:crimson_button",
        "state": {
          "powered": "true"
        }
      }
    },
    "darkoak": {
      "trigger": "minecraft:enter_block",
      "conditions": {
        "block": "minecraft:dark_oak_button",
        "state": {
          "powered": "true"
        }
      }
    },
    "jungle": {
      "trigger": "minecraft:enter_block",
      "conditions": {
        "block": "minecraft:jungle_button",
        "state": {
          "powered": "true"
        }
      }
    },
    "oak": {
      "trigger": "minecraft:enter_block",
      "conditions": {
        "block": "minecraft:oak_button",
        "state": {
          "powered": "true"
        }
      }
    },
    "polblackstone": {
      "trigger": "minecraft:enter_block",
      "conditions": {
        "block": "minecraft:polished_blackstone_button",
        "state": {
          "powered": "true"
        }
      }
    },
    "spruce": {
      "trigger": "minecraft:enter_block",
      "conditions": {
        "block": "minecraft:spruce_button",
        "state": {
          "powered": "true"
        }
      }
    },
    "stone": {
      "trigger": "minecraft:enter_block",
      "conditions": {
        "block": "minecraft:stone_button",
        "state": {
          "powered": "true"
        }
      }
    },
    "warped": {
      "trigger": "minecraft:enter_block",
      "conditions": {
        "block": "minecraft:warped_button",
        "state": {
          "powered": "true"
        }
      }
    }
  },
  "requirements": [
    [
	  "warped",
      "stone",
      "spruce",
      "polblackstone",
      "oak",
      "jungle",
      "darkoak",
      "crimson",
      "birch",
      "acacia"
    ]
  ],
  "rewards": {
    "function": "warp:warp"
  }
}