{
    "__comment": "Made with TheDestruc7i0n's advancements generator: https://advancements.thedestruc7i0n.ca",
    "display": {
        "title": {
            "text": "World In A Jar",
            "bold": true,
            "strikethrough": false,
            "color": "blue",
            "underlined": false,
            "obfuscated": false
        },
        "description": {
            "color": "gold",
            "text": "Made by: Torpedo"
        },
        "icon": {
            "item": "minecraft:grass_block"
        },
        "frame": "goal",
        "show_toast": true,
        "announce_to_chat": true,
        "hidden": false,
        "background": "minecraft:textures/gui/advancements/backgrounds/adventure.png"
    },
    "criteria": {
        "Initial": {
            "trigger": "minecraft:tick"
        }
    }
}