{
    "__comment": "Made with TheDestruc7i0n's advancements generator: https://advancements.thedestruc7i0n.ca",
    "display": {
        "title": {
            "text": "Secret Room, shhhh...",
            "color": "dark_purple",
            "bold": true
        },
        "description": {
            "text": "A bit different from before...",
            "color": "gold"
        },
        "icon": {
            "item": "minecraft:diamond_hoe"
        },
        "frame": "challenge",
        "show_toast": true,
        "announce_to_chat": true,
        "hidden": true
    },
    "criteria": {
        "secretroom": {
            "trigger": "minecraft:impossible"
        }
    },
    "rewards": {
        "experience": 100
    },
    "parent": "wiaj:root"
}