{
    "__comment": "Made with TheDestruc7i0n's advancements generator: https://advancements.thedestruc7i0n.ca",
    "display": {
        "title": {
            "text": "Very self-absorved..."
        },
        "description": {
            "text": "Hold all 51 Sponges in your hand!",
            "color": "gold"
        },
        "icon": {
            "item": "minecraft:sponge"
        },
        "frame": "challenge",
        "show_toast": true,
        "announce_to_chat": true,
        "hidden": false
    },
    "criteria": {
        "secretroom": {
            "trigger": "minecraft:impossible"
        }
    },
    "rewards": {
        "experience": 150
    },
    "parent": "wiaj:root"
}