{
    "__comment": "Made with TheDestruc7i0n's advancements generator: https://advancements.thedestruc7i0n.ca",
    "display": {
        "title": {
            "text": "Torpedo_ (the_gay_)"
        },
        "description": {
            "text": "Map Creator",
            "color": "gold"
        },
        "icon": {
            "item": "minecraft:player_head",
            "nbt": "{SkullOwner:the_gay_}"
        },
        "frame": "challenge",
        "show_toast": false,
        "announce_to_chat": false,
        "hidden": false
    },
    "criteria": {
        "1": {
            "trigger": "minecraft:impossible"
        }
    },
    "parent": "credits:root"
}