{
    "__comment": "Made with TheDestruc7i0n's advancements generator: https://advancements.thedestruc7i0n.ca",
    "display": {
        "title": {
            "text": "bastiao09"
        },
        "description": {
            "text": "World In A Jar 2 Creator",
            "color": "gold"
        },
        "icon": {
            "item": "minecraft:glass_bottle"
        },
        "frame": "task",
        "show_toast": false,
        "announce_to_chat": false,
        "hidden": false
    },
    "criteria": {
        "1": {
            "trigger": "minecraft:impossible"
        }
    },
    "parent": "credits:adv1"
}